{"cameraMode":{"drawMode":0,"name":"Shaded","section":"Shading Mode"},"sceneLighting":true,"audioPlay":false,"sceneViewState":{"showFog":false,"showMaterialUpdate":false,"showSkybox":true,"showFlares":false,"showImageEffects":false,"showParticleSystems":true},"in2DMode":false,"pivot":{"x":1.6048164367675782,"y":1.3876910209655762,"z":-0.6365766525268555},"rotation":{"x":0.10248363763093949,"y":-0.7971810698509216,"z":0.14135988056659699,"w":0.5779419541358948},"size":16.541826248168947,"orthographic":false}